x,y,label
-0.008367576289003606,0.049294864509882824,1
-0.0030934186382058455,0.05181154317415817,1
0.02515456495544318,0.047565820908418266,1
0.0027515275402299425,0.05564343385959192,1
0.004401065494848444,0.057446892027116586,1
0.03169702491215529,0.050376725828786,1
0.01188891009862269,0.06026126276053537,1
-0.01953451319258852,0.06023842472495918,1
-0.008501702167309605,0.06467406042869536,1
-0.0032835055997144976,0.06705392309913438,1
0.03073669803629388,0.06181837390806312,1
0.014896158884925738,0.06936032960534072,1
0.016838136910946936,0.07087292782439093,1
0.011587815507817692,0.07384585385929385,1
-0.0026737850416772195,0.07660665955576061,1
0.04923451817992232,0.06121423376547098,1
0.02378217477026038,0.07686590991546746,1
-0.03432533654173688,0.0748713558721707,1
0.03125268754695485,0.07825890276326088,1
0.00319802540090421,0.08611298173214231,1
-0.011589731428914445,0.0873102899444868,1
0.011878848830232167,0.08919241076260047,1
-0.009226726554457138,0.091419331946411,1
-0.00019077338647980097,0.09378738112394595,1
0.0036870639561457177,0.0956203236501669,1
-0.02608221631658721,0.09404541018822682,1
0.04737247206100281,0.0874979970801385,1
0.029997629677290027,0.09686418945911608,1
-0.008020252902316128,0.10299481481949868,1
0.06361249784596851,0.08380144850466949,1
0.04274627545158409,0.09821514075201046,1
0.02202836274299392,0.10676930000655821,1
0.05985142559904384,0.09338876945740594,1
0.06128859272387622,0.09472769391146334,1
0.061594039734154664,0.09679371370500627,1
0.05958993912882862,0.10026144830789022,1
0.05737540989170439,0.1037260829656537,1
0.039019309192652604,0.11394516009951489,1
0.03217626085351523,0.11803775352263869,1
0.03112384934347003,0.12028713566840812,1
0.02113649560727435,0.12436901749093586,1
0.040743444724728996,0.12140156337545083,1
0.002075667567026075,0.12994334291870085,1
0.11475357838241165,0.06495890136643662,1
0.09377282770089873,0.09539607027398334,1
0.011777050236105957,0.13515921838257106,1
0.04228295014360107,0.1309162866391602,1
0.04157697715182533,0.13313802864772684,1
0.08956876000016288,0.10939160672210875,1
0.06057889831321079,0.12985083412579804,1
0.07550972358155308,0.12401019438059713,1
0.0668524595954651,0.13102461181111186,1
0.06839658291140809,0.13237186353477898,1
0.1191170749707842,0.09264165792080194,1
0.06520839678160305,0.13819341449663222,1
0.1278774054693648,0.08707682497378354,1
0.009833390621778612,0.15630421340728048,1
0.10359791871278781,0.1199796704785327,1
0.08837672608017387,0.13388204037043105,1
0.0943815666766114,0.13206593671943165,1
0.1031407819730536,0.1278004896480603,1
0.0683259963511039,0.15143146152692932,1
0.078191975954722,0.14873512173651765,1
0.04823862012003021,0.16294968015186528,1
0.04769938746696538,0.16509094864900056,1
0.11236688682251306,0.13252122381380896,1
0.1205132833548452,0.127788609202628,1
0.10702422352186174,0.14167438986964256,1
0.1424685972641632,0.10912470840433847,1
0.1729447743392034,0.05461266530523113,1
0.08978774594446354,0.15976477340231238,1
-0.004446102831274645,0.18511695556503102,1
0.1553518605870823,0.10422349242386518,1
0.08639577974626954,0.16807271361718784,1
0.0899334886195064,0.16836809457828794,1
0.16367437551366557,0.10186743955194154,1
0.11476310593984447,0.15726850834171213,1
0.06907716500115821,0.1840576708632156,1
0.1408716519644829,0.13984360655768344,1
0.12947240541829125,0.1529620133183704,1
0.13867186270954449,0.14729993008718534,1
0.15719732164389386,0.13034599945414127,1
0.12655750558835044,0.1626820421759189,1
0.17218419101974014,0.11671878151600991,1
0.1392110044633568,0.15711981201398792,1
0.16594504139829735,0.1316491579483131,1
0.19411699276040037,0.08943163927764972,1
0.1753969750130164,0.12543022974718004,1
0.14524223281861787,0.16194505409798468,1
0.20313762598404386,0.08299714440970134,1
0.20164721631838756,0.09127422702042713,1
0.19042070976581082,0.11652875148571898,1
0.1815763191516525,0.13312662462538827,1
0.14410419639939057,0.17546381005223122,1
0.22021568356880006,0.06266402422686519,1
0.1513067039073852,0.17436575554148503,1
0.23275297221836871,0.0024179276556577163,1
0.23011266395986327,0.046020217302420834,1
0.17809701120498264,0.1557186827154185,1
0.1394429791828752,0.19346036571286282,1
0.16008071428404863,0.1793239399096181,1
0.20750644071840266,0.12507153754112227,1
0.18924580438726565,0.1543178177117907,1
0.18743959509735894,0.15946084596889235,1
0.1586364889687654,0.19062129054167867,1
0.2069083732868056,0.14013862744984845,1
0.1740061047673746,0.18200805506868045,1
0.12328540135271653,0.2217389504639373,1
0.20072927304392382,0.15825566651159384,1
0.2482920658241822,0.06830110361937497,1
0.19718443758782112,0.16857173818290133,1
0.24610796898704146,0.08786576433822406,1
0.1419445841217167,0.2216752141036258,1
0.22967082991667356,0.1324589178928396,1
0.2516381862318202,0.08936115921006844,1
0.2479917195896745,0.10405617727308215,1
0.2442884676734601,0.11695452967148699,1
0.2152987964209894,0.16744112729752492,1
0.20751456112796032,0.17991649212843405,1
0.20098960562583618,0.1899599931198977,1
0.2559038769716753,0.10977913558271407,1
0.21163241986877862,0.18388543441083197,1
0.23781145594199826,0.15204925447744608,1
0.25085039457850017,0.13351300725961981,1
0.28284710411439073,-0.042834418777047786,1
0.23944677836868025,0.1599855906129181,1
0.27575935963136555,0.08937030018140554,1
0.2739716866474233,0.10038508337977452,1
0.23313302199760608,0.17860926107432495,1
0.2748154924715565,0.10886042526737894,1
0.29636936924929225,-0.02585471009222698,1
0.29334255847815666,0.05991480106730716,1
0.2864643658746748,0.0933885806220823,1
0.27369822582263237,0.13047379031875556,1
0.18371207226351094,0.2436023832439452,1
0.3067666301258464,-0.012322664666029711,1
0.23060378724514088,0.20555321088240008,1
0.3102911877772659,0.01815138350482522,1
0.29859730282639685,-0.09293469958275781,1
0.24170336842294038,0.20142257075110273,1
0.3162589031418891,0.01317148961134377,1
0.3021310795553498,0.10059251129580644,1
0.2439825069003135,0.20758296766009887,1
0.2509120505008153,0.20219953904532087,1
0.24897480829716934,0.20756604495353298,1
0.30465013446254297,0.11618205640584418,1
0.26418887129226515,0.19431757611034273,1
0.3297927708033107,-0.0066455123331544234,1
0.29826866514933176,-0.14526817020055618,1
0.2838476668967649,0.1753978113392628,1
0.3345416543102952,-0.02626543480510911,1
0.33633654459681694,-0.027696039040728954,1
0.33911440617361976,0.013392556811856627,1
0.3098965360157879,0.1429612752716831,1
0.3390119492512864,0.05336463906980224,1
0.3385502456958897,0.06686526542718549,1
0.3462052144889894,-0.023383266497388828,1
0.34167928954614435,0.07060407115477492,1
0.34306025513423477,-0.07329001404982294,1
0.346649545767009,0.06507840841930956,1
0.3434063724858809,-0.08842941329952857,1
0.33250060676134796,0.12862691883180505,1
0.3268278253658718,0.14712647356180678,1
0.21344685288937734,-0.2902953763426132,1
0.3580937964389245,0.05454708361837279,1
0.363164297049766,-0.02647792551476405,1
0.3598733011543254,-0.06686313697606663,1
0.3641811240236472,0.05243009269982783,1
0.3647173290444368,-0.06134051126988505,1
0.3685253615133578,-0.0488085856074392,1
0.37342869630518466,0.012779261700989746,1
0.3748884712685739,-0.02229942772489849,1
0.3771675446516628,-0.014725902634063967,1
0.29083315179444397,-0.2435756849752028,1
0.3767317434151144,0.05860295650380329,1
0.37113120177982856,0.09527890403262934,1
0.38321286936419247,-0.03777445816094974,1
0.3800478498266055,-0.07288668048572856,1
0.37803345660552357,-0.09119547367150364,1
0.39068410493001543,0.008726983123045935,1
0.38528839524177,0.07585942846078873,1
0.3438021343006967,-0.19365100600438884,1
0.39619860625690734,-0.015275873953137734,1
0.39612672494921647,0.04246908194851121,1
0.3986302311463181,-0.03653094769150789,1
0.3996602722013414,-0.04516694915857321,1
0.3518746963492543,-0.1987149935401754,1
0.3965819106960338,-0.08699742398666103,1
0.3714315517056892,-0.16862362859067928,1
0.4090925585047168,-0.024401133466941855,1
0.3953325434939079,-0.11501468070093886,1
0.41009421777603705,-0.053946623799161354,1
0.4009173644145307,-0.10923062986640898,1
0.4173377676435749,0.009003231236240637,1
0.41542200387390776,0.057179410831032625,1
0.27322161779617704,-0.3206168721581722,1
0.3800012147824802,-0.18615010527102546,1
0.4233042445070013,0.038485117418653673,1
0.42433657493334503,-0.04720286615107345,1
0.4282759856050566,0.022329806058164443,1
0.242579514658987,-0.3559644207007201,1
0.3263864810954922,-0.28402667711743834,1
0.42081479705203595,-0.10846770267909106,1
0.3821617587489789,-0.21085782566776848,1
0.4271951841176568,-0.09837912726808794,1
0.42993684501547363,-0.0948750852450686,1
0.4382848939971462,-0.058594945598314824,1
0.4351902290102785,-0.08845209409761264,1
0.28292700498359924,-0.3447624683962365,1
0.41568992552498624,-0.16677087855780615,1
0.40639322996446453,-0.19278024296615093,1
0.39861977617205,-0.2124576234724985,1
0.31741450520193193,-0.324048664353551,1
0.4376961212225908,-0.1261443485470072,1
0.45247603591781943,-0.06703553768233408,1
0.2645699888471833,-0.375468149846495,1
0.4361377537413175,-0.15003334106652294,1
0.44801309345947066,-0.1173464692617971,1
0.4621357235847162,-0.05180279724363541,1
0.4642876142004141,-0.04964119396724551,1
0.4436683710628621,-0.1515491416890116,1
0.3612040382983167,-0.3018761111813137,1
0.3108213818285215,-0.35606690285220244,1
0.34983708759907134,-0.32064132412901686,1
0.4330940448618858,-0.19858731017240328,1
0.40366410029811606,-0.25667185161418354,1
0.4517201728591449,-0.16309216260666348,1
0.4525814247817543,-0.16629038989693953,1
0.3223420468321256,-0.3611337223224258,1
0.4668521386113937,-0.13497337115161356,1
0.18488520678079212,-0.4514866656040315,1
0.41025595654188196,-0.2675333000804937,1
0.3827101582676255,-0.3086834428360645,1
0.45419325357929885,-0.193227293839618,1
0.4437888607626139,-0.2203695992431776,1
0.48223499715671303,-0.1218646142970145,1
0.4128846210004394,-0.2807585776100314,1
0.3537776301864673,-0.3550285044423794,1
0.361822717008579,-0.3495714268028892,1
0.45564359164007323,-0.21777060806779294,1
0.45575491577196375,-0.22192134962154522,1
0.4341822132523885,-0.26529453755696275,1
0.20517704780668813,-0.4676951691825097,1
0.47666482059090426,-0.18861414650618355,1
0.40211900624647134,-0.32099915336543744,1
0.13439555028564473,-0.49863888824582253,1
0.39107111032409414,-0.34020037273053777,1
0.48910794012444236,-0.17726697644716194,1
0.4408168190344264,-0.2798485128602838,1
0.31742375830824376,-0.41697549662340183,1
0.41184972724518876,-0.32711650414939103,1
0.42814284022819404,-0.308748053342938,1
0.40532723317608804,-0.3411084608409339,1
0.35513519018986267,-0.3956575408062769,1
0.14214183820671095,-0.5142855088399403,1
0.3713578878426461,-0.3857751271646966,1
0.21229388473262378,-0.49366276738705167,1
0.27342557920908334,-0.4648223475666606,1
0.36715475330753705,-0.39758739796156856,1
0.4983324564776596,-0.21588736279121837,1
0.4090912258793199,-0.36008116746821,1
0.40365760207252127,-0.36898964101632403,1
0.3363516813133301,-0.43364311013140866,1
0.1492119778250996,-0.5301017079066903,1
-0.01817974308917034,-0.5523060886188694,1
0.09999701698505631,-0.5454180485438846,1
0.3481902770185716,-0.4340031837890101,1
0.510456439403456,-0.22616738591941635,1
0.37525175233350255,-0.41597243268321654,1
0.3086042444607094,-0.4698373027433485,1
0.1907537839100848,-0.5307924660408427,1
0.1674223046688889,-0.5406002647810934,1
0.20765284859654218,-0.5285051032099308,1
0.47595163736729884,-0.31316627016750176,1
0.17217207430059456,-0.5450989120473263,1
0.3630362833717806,-0.44402806916628024,1
0.2705949250545607,-0.5078603419457967,1
0.2819568711348627,-0.503824159115012,1
0.22274608950382546,-0.5347191872069503,1
0.28184913065569467,-0.508242771852592,1
0.49206487058575443,-0.31279110877603605,1
0.15825583747149286,-0.563156213202985,1
0.21204337530570944,-0.5472279255372255,1
0.31063114312566026,-0.500167274341309,1
0.24688160545426227,-0.5366134038202192,1
0.2400151401083964,-0.5418024701184383,1
0.22133558321294827,-0.5517496755910679,1
-0.032110718760018954,-0.5955277125558653,1
0.28404265499457615,-0.5265724865220858,1
0.21655422007720285,-0.5597720883441399,1
0.03587292403874468,-0.6010346172344587,1
0.0509518302164924,-0.601855127442294,1
0.02889897524387196,-0.60522226269813,1
0.3203430641524849,-0.5165463801600576,1
-0.13798722323638288,-0.593900092918765,1
0.2057119295269401,-0.5759909701557161,1
-0.12575812038042422,-0.6005000760042325,1
0.41926221020321425,-0.45052674133416337,1
0.1991573557823611,-0.5843273411413094,1
-0.03071040797997901,-0.6184764847444878,1
0.31428356276218095,-0.5357644817056079,1
0.3162218239378801,-0.5368334854045649,1
0.34178948183147423,-0.5232039061101335,1
0.35572525645473835,-0.5161444685550038,1
0.25029057199080673,-0.5767934138660835,1
0.10638186955706345,-0.6216241643551603,1
0.48090501515374456,-0.41093674747032144,1
0.11759092151931883,-0.6234767103151662,1
-0.0827555158655374,-0.6309689340986281,1
-0.23680934527057962,-0.592721091439867,1
-0.10742366715023764,-0.631103042291377,1
-0.009437201158751208,-0.6420148117161214,1
0.42508801719757583,-0.4837568509134143,1
0.23594031144742292,-0.6012556573651735,1
0.18504711927162354,-0.6208032632038776,1
-0.023642787532302745,-0.6492690716456923,1
0.12749967111611507,-0.6390074901538776,1
0.3322935967987967,-0.5627187422775117,1
-0.23022692041070444,-0.613643960489575,1
-0.08940207096543763,-0.651206412394989,1
0.03711776996359553,-0.658172635914922,1
-0.16182568255131227,-0.6410109754325162,1
0.32388206856521934,-0.5785360416005273,1
-0.06567955798174964,-0.6616781045265399,1
0.1628849659255255,-0.6466340756304486,1
-0.08314458421957602,-0.6635486331214326,1
0.059807471349983744,-0.6679691581587609,1
-0.08602130597047658,-0.6670211640156878,1
-0.23027929558046237,-0.6339185766047986,1
0.027457804006378282,-0.6757951251050017,1
-0.18214836816945287,-0.6533405462968487,1
0.2525933394309589,-0.6315177484837371,1
0.15617251349497324,-0.6639439894170136,1
-0.29790003019143785,-0.6156847483189702,1
-0.08041518964922412,-0.6811412818112998,1
0.38945282252318913,-0.5668877382010148,1
0.25970200408568245,-0.6389150858406556,1
0.01913965242031977,-0.691318269438863,1
-0.20607088724181946,-0.6621623460049498,1
-0.014482789564857816,-0.6952399498657967,1
-0.17120809696363357,-0.6759493558185438,1
-0.24495619816671518,-0.6548853785651589,1
-0.384787281570502,-0.5860742691574906,1
-0.07429086752178271,-0.6990696102283499,1
-0.05836515000655478,-0.7024894042536105,1
0.28696120034731015,-0.6459402241445464,1
-0.10389321257903868,-0.7010610550218505,1
0.031832990727303986,-0.7099078890759264,1
0.11073178289979692,-0.7038681831679319,1
-0.06535719675479275,-0.7114330815817681,1
-0.3176829517241274,-0.642035847600097,1
0.30163315190719897,-0.6518290210939395,1
-0.032866168168000746,-0.7193899072662923,1
-0.1563367997588829,-0.7049159313787506,1
0.05445194849492484,-0.7218971818245082,1
-0.21607433718274374,-0.6929448579429758,1
-0.23922407916500016,-0.6873135556429933,1
-0.15283363616855114,-0.7134736161412772,1
0.35676096725606526,-0.6386753634945185,1
-0.6215937581949311,-0.38935195241636894,1
-0.1371471511935284,-0.7224685365804565,1
-0.32331924638557114,-0.6625997477094412,1
-0.2535713250497115,-0.6943242946535111,1
-0.4091308205320438,-0.6179116004549708,1
-0.37698932000645974,-0.6402399605667164,1
-0.17224332089835853,-0.7247020229705011,1
-0.30393472249136294,-0.6821468656446569,1
-0.02357866401627468,-0.7483260222442558,1
-0.4123618162482672,-0.6271841018010392,1
-0.14628786202837343,-0.7381488003976083,1
-0.661190788136051,-0.36326217228039936,1
0.10742405320461273,-0.7486446820130344,1
-0.16769825604103808,-0.739438607315326,1
-0.4411910900094046,-0.6189775457035165,1
-0.3879160005191157,-0.6558977255778233,1
-0.16195728778906973,-0.7465625262922463,1
-0.0771079086411639,-0.7619399628439595,1
-0.3357705383812306,-0.6904171919191574,1
-0.3099133608325581,-0.704484441187585,1
0.08388386655070984,-0.766969510966928,1
-0.33498105955356033,-0.6971425874597124,1
-0.37447807125358007,-0.6789218543514572,1
-0.37863810930117914,-0.6787913920886862,1
-0.11590979589555922,-0.770488547347873,1
-0.45260383171139273,-0.6365593557993943,1
-0.6124563008314712,-0.48778369184615583,1
-0.4630039233212325,-0.6337569525763906,1
-0.12753797701767994,-0.7763676183519047,1
-0.2941638106363717,-0.7317647315519759,1
-0.4633143120899347,-0.6405922435022329,1
-0.26251983524974487,-0.7477404387092215,1
0.08414320981335108,-0.7899199010961863,1
-0.5799557728649974,-0.5456493221088319,1
-0.24438383598677457,-0.7598644761826197,1
-0.3096280516693331,-0.7377606660027732,1
-0.6875648268877056,-0.41287411846791633,1
-0.28020202548911505,-0.7534949242993115,1
-0.6061372891552477,-0.5309707702451006,1
-0.18327566618755384,-0.7866474734184606,1
-0.39535134648977704,-0.706527157397876,1
-0.4608127343885598,-0.667997962694555,1
-0.22851821580228104,-0.7806680929683794,1
-0.3578350881697288,-0.7326104947155648,1
-0.49167688238980733,-0.6527832875798916,1
-0.6233500988641628,-0.5314340696271097,1
-0.145272051669024,-0.8080879500273213,1
-0.44929184384219906,-0.6894757282604861,1
-0.655649736112646,-0.5005001999337307,1
-0.4248157807688455,-0.7092622320198297,1
-0.582128992501742,-0.5897446745647481,1
-0.6336417737532222,-0.5369635744991418,1
-0.6028863482974095,-0.5740434743840942,1
-0.6713054482401997,-0.4954999346504159,1
-0.5461086858515393,-0.633338039998477,1
-0.4963118705331211,-0.6754362482147813,1
0.021604230937477473,-0.8398023177926781,1
-0.5731654733449312,-0.6167806274732663,1
-0.6689100650552824,-0.5144957750966719,1
-0.6909688228246844,-0.48777606341361324,1
-0.5050946618041426,-0.6807840025803087,1
-0.8286318985785074,-0.18758457978909795,1
-0.6720898711848883,-0.5228313057748104,1
-0.6528618583710053,-0.5496131215953463,1
-0.8044652332040686,-0.29050292145885387,1
-0.5094836705714905,-0.689378681468219,1
-0.5705547954930921,-0.6423016188522495,1
-0.8608621593610212,0.016592256810367162,1
-0.6670599313732394,-0.5474231210812885,1
-0.8490934489917183,-0.16422744751270493,1
-0.39062700320283356,-0.7737166452080344,1
-0.653364939239794,-0.5724028047697405,1
-0.7469646425328157,-0.4470856724853339,1
-0.7422077810726362,-0.45857136349504096,1
-0.5186954993902584,-0.7038754318402197,1
-0.7137553640553244,-0.5083027963906815,1
-0.5190453488463165,-0.7083434444142068,1
-0.8133166225694449,-0.33618727919110936,1
-0.8497933419008867,-0.2360331461884054,1
-0.27498107264260785,-0.8400045139729022,1
-0.8668963516561576,-0.18188441941656924,1
-0.5232436490778849,-0.7170659746093924,1
-0.8114463953034573,-0.36456251378927446,1
-0.8370391445036768,-0.3067692114851578,1
-0.7374393302432236,-0.5043046315069025,1
-0.6707420177756764,-0.5930011554020677,1
-0.7993363865921134,-0.4074544297511,1
-0.834980117848644,-0.3334453021924654,1
-0.8757784304463175,-0.21169967404662046,1
-0.4027398747222839,-0.8081085929327273,1
-0.508315803177459,-0.748528884750971,1
-0.905804026238934,-0.04059931632589307,1
-0.8983458212540695,-0.13623532658357096,1
-0.863004768203837,-0.29029526027043806,1
-0.8881676469263381,-0.20899123738162353,1
-0.9024917313566239,-0.1466477699104085,1
-0.31047169159170895,-0.8620262516371698,1
-0.9148746138716136,-0.07732176832081572,1
-0.7826801960747579,-0.483617059018587,1
-0.872384123785393,-0.2982054204300955,1
-0.8204315787018499,-0.42471942379369515,1
-0.9192992658860759,-0.10910868461865014,1
-0.8250222091194075,-0.42412584191903036,1
-0.9100316525726023,-0.18953243947289686,1
-0.831022021198555,-0.4207440819777318,1
-0.7316600298742028,-0.5795231313996146,1
-0.9348391521146959,0.028403251391358738,1
-0.9324039623663687,-0.094438396957389,1
-0.9197029868446049,0.18977407529120496,1
-0.9030701238959968,-0.2644076545109712,1
-0.9420324836160588,0.040104588148500216,1
-0.9005896045382565,0.2855971167287508,1
-0.8858200798703763,-0.33399274641705784,1
-0.7472957725328374,-0.5842821797357934,1
-0.8994958784519519,-0.30717962083864636,1
-0.9064030422745447,-0.2924182729264839,1
-0.9366017403201717,-0.18298119290569043,1
-0.9177292676244118,0.26854272059116174,1
-0.9102444763275123,-0.2990680662124334,1
-0.9553870748906076,-0.0942019877045122,1
-0.9273121792511951,-0.25571392409781796,1
-0.9473435905596682,-0.17749329724551705,1
-0.9620190721495341,-0.08459647336298963,1
-0.9430385179375341,0.21678646286447897,1
-0.9617681592182687,-0.1225072731967176,1
-0.9696842448754173,0.05842726723486997,1
-0.9694591540576274,0.08690646777331948,1
-0.9657632612744916,0.13570137389546852,1
-0.9341632920155536,-0.28665220511952966,1
-0.9120684831174736,0.3559295956568568,1
-0.9571328398896419,-0.21490235653375397,1
-0.9747125576795912,-0.12633477742039906,1
-0.93051903205994,0.32234356837144523,1
-0.9396709429718973,0.30090332668389214,1
-0.9121107408433367,-0.3812332441683739,1
-0.9397610894050096,-0.3128923629203823,1
-0.8903327282326686,-0.4383322528070483,1
-0.9941924056724171,0.013828780236579874,1
-0.9960269354100267,0.01815520340100214,1
-0.9942841930006424,0.08714902639752381,1
-0.988278910709566,0.15265907980435928,1
-0.049072075936565984,-0.009588084442468272,2
-0.04956901101962181,-0.015392153569123048,2
-0.05116867735338041,0.016644095490442993,2
-0.05409887770372407,0.013306918001135034,2
-0.052431022371169346,-0.023885197804897406,2
-0.05951790848024986,0.00036669285113004004,2
-0.05987927973901405,-0.013683487521985026,2
-0.05339382618725038,-0.03404943970319752,2
-0.06485042224928213,0.007031057258050956,2
-0.06705494430890913,0.003262584211492491,2
-0.06894263359258854,0.003628943665792325,2
-0.07007970659791378,0.011026585855865677,2
-0.06803709341093925,0.026027844190870814,2
-0.07364991329640637,0.012774109436012645,2
-0.07648915512177193,-0.005013837203062736,2
-0.07822816206016361,-0.0071815636592323295,2
-0.08006875944871902,0.007934337040933987,2
-0.0799895512140106,0.019637218627440632,2
-0.08326148399579558,-0.012988903858100719,2
-0.08563938435192453,0.0095691607306205,2
-0.07867818201553313,0.03958727421173827,2
-0.08892990371779522,0.013706400399799588,2
-0.09187383911673012,-0.0013507118093797421,2
-0.0930966147759299,0.011363519253972075,2
-0.08167624440879477,0.04985811704080086,2
-0.09033719060235515,0.03693254905271017,2
-0.08192272949579577,0.05646872580610523,2
-0.09735081258681624,0.028378658786382887,2
-0.09614948317462634,0.03778271061705579,2
-0.10475361183647611,0.009793541795336976,2
-0.09636726817199079,0.04676331428574685,2
-0.10813041946618117,0.013883248002361093,2
-0.10988016283954549,-0.015165923030312566,2
-0.10648562801419097,0.03728858562992714,2
-0.07206875113112939,0.08926894114964441,2
-0.09896995247470432,0.06171116081656554,2
-0.09244892644571254,0.07419052464212661,2
-0.10877518368044314,0.051710399488514476,2
-0.12072379675230274,0.019849128869886476,2
-0.11890744324250055,0.03603760462068126,2
-0.12115568655333331,0.03515257563831546,2
-0.12459066062168402,0.02958944345358672,2
-0.10766598651571727,0.0727847244436171,2
-0.13179013054034625,0.0044050097004695405,2
-0.10551520648615742,0.08222101093348812,2
-0.10628276062341227,0.08432489561403408,2
-0.1373168260021977,0.008426818908412199,2
-0.11334490463430856,0.08128537565101017,2
-0.055319081055133654,0.1301110512617081,2
-0.13762808811063798,0.039869178659941294,2
-0.10991505610639354,0.09486267499287798,2
-0.1431088452774377,0.03400821456022421,2
-0.10266868348914536,0.10797936951211079,2
-0.12771130479916715,0.08038144660557271,2
-0.08361243751248008,0.12790041092305604,2
-0.15435233218586597,0.010505323692078645,2
-0.1374653143290122,0.0750399230837494,2
-0.1479947577235019,0.05679085996989877,2
-0.14268132009476373,0.07332726193180396,2
-0.1522342133067094,0.05633858419236213,2
-0.15676729912920073,0.04893873704983249,2
-0.12315544211129867,0.11150186723065897,2
-0.16300563725057238,0.0408078885292459,2
-0.08804021085670921,0.14535640338487316,2
-0.16713825326653192,0.039938167028085676,2
-0.1403764561486056,0.10238477706403283,2
-0.12620570076832563,0.12216996848850802,2
-0.12437795077491418,0.12671204570373695,2
-0.15414740958838455,0.09189167159183163,2
-0.14312362650413515,0.11139149751791658,2
-0.10878148953797291,0.14748969345679597,2
-0.1807311250150018,0.04030279790366576,2
-0.1699467366833484,0.07819746576185434,2
-0.13549725157029444,0.13173140338395967,2
-0.1626144988644831,0.09996185475595794,2
-0.0865823245464658,0.1722491727608215,2
-0.12019268296358866,0.1531589800272952,2
-0.14590324840598423,0.13176161441319206,2
-0.19130810541337118,0.05293642815121749,2
-0.14805328432571083,0.13505815889304104,2
-0.1615163189095807,0.12181803494114925,2
-0.15354755357933425,0.1346262466813745,2
-0.1893985903312836,0.08130450816403363,2
-0.12619037698920543,0.16536825073461542,2
-0.18743217729024525,0.09452786894480232,2
-0.15920194715864625,0.13972829911681503,2
-0.1308266387211957,0.16900832992235243,2
-0.18130764905637267,0.11672350993608051,2
-0.11911071994278773,0.1820278636243572,2
-0.19937685544990727,0.09166400919393002,2
-0.22133624922437523,-0.0016879414730116716,2
-0.12357062305871555,0.18592820589522305,2
-0.10085993984853373,0.2012956293478871,2
-0.161765268776139,0.15932848419458182,2
-0.11900447497171483,0.1956007723877529,2
-0.19852941980227895,0.1178270122927699,2
-0.15297766178827327,0.17543553643553916,2
-0.22284613825956773,0.0735479243627216,2
-0.07121840637406944,0.2255987414422137,2
-0.022086354009454072,0.23745199622601507,2
-0.07540987056419665,0.22824605567652348,2
-0.1447081063963194,0.19432286634802354,2
-0.14434783556838465,0.19695599942178782,2
-0.21561947307331897,0.11861537016323374,2
-0.0888718339539657,0.2315249644633836,2
-0.15270943276373125,0.19781238329462328,2
-0.1774122621450369,0.1786895236066711,2
-0.2133471418142388,0.13729693885605718,2
-0.15588618143851735,0.202574913245171,2
-0.18673669344946722,0.1773228638005385,2
-0.1603261688116629,0.2039452204269669,2
-0.20518330504232873,0.16183119684898076,2
-0.005790157633786791,0.26316276253290727,2
-0.13257859259776686,0.22960176791294745,2
-0.04963285386650098,0.2623809698939197,2
-0.2576874952129812,0.0769723055688904,2
-0.15881106704962564,0.21939521970974027,2
-0.17231061801095338,0.2114217438478736,2
-0.20426626668560668,0.18359610430032403,2
0.0004533042032361787,0.2765527347017926,2
-0.2141750175332349,0.17795312507247737,2
-0.09560522505447366,0.26355601884658,2
-0.05057708198001111,0.2776962785900945,2
-0.10308047755401119,0.26481325252889726,2
-0.17939617284789483,0.22283241439564563,2
-0.03546922009098631,0.28578328030352174,2
-0.09810056798896921,0.27277564689513056,2
-0.18931714427721386,0.22202853179787224,2
-0.20944465246747382,0.20587669037565123,2
0.07537926138100189,0.2858183234948965,2
-0.15860135555298796,0.25169203221383696,2
-0.23563754319070115,0.18470134877822686,2
-0.05391863620435832,0.2964389322886735,2
-0.07131016512570322,0.2947015254937514,2
-0.20283392478805198,0.22792684258892873,2
-0.2394446817711444,0.1921558164478885,2
-0.10217922269215701,0.2915298194797459,2
0.01522861901738045,0.3104483581824668,2
-0.0289009721049183,0.31138712473884833,2
-0.1288240793807549,0.28704690711916686,2
-0.15584970790270364,0.2755068973759722,2
-0.05506899873547613,0.3136390408420963,2
-0.063172231675763,0.3140500299013501,2
-0.015261586935182841,0.32188288963671835,2
-0.10981256611937452,0.30498084940950354,2
0.01706180471318374,0.3256053892039649,2
-0.14479510212473445,0.29426086810985863,2
-0.09678025804500348,0.3153426963813141,2
0.010961802372152453,0.3315823830847107,2
0.039020652175114176,0.33137784918302726,2
-0.22920711046942768,0.2450960873707006,2
-0.043341235034145255,0.33468026406644774,2
0.010556954619659251,0.3392145217434006,2
-0.18627398819688873,0.2859646666690063,2
0.003947714400850885,0.34316366647594904,2
-0.12534241356778614,0.3215221795497121,2
0.06629236175296435,0.3406026283877873,2
0.019917098226639063,0.3483288402739814,2
0.047460152721466614,0.34757632070646666,2
-0.017407514365992534,0.35227558142236015,2
0.06450512838040827,0.3486929684020563,2
0.12137702898824823,0.33521508703937275,2
0.18197680265778626,0.3087832086603268,2
-0.020323285225525317,0.3597470341947532,2
-0.23699103250401451,0.2739375875851885,2
-0.007143479337341933,0.36405817927107886,2
0.01537252445187448,0.3657091159131374,2
-0.020903324812457227,0.3673416076725104,2
0.0624485995570509,0.3645292318066165,2
0.1140412035856909,0.35381891412455146,2
-0.05116947494132054,0.37012698576034925,2
-0.022816691350939645,0.3748573448163211,2
0.058721772597940536,0.372859172302235,2
-0.04495943608498208,0.37668512792616293,2
0.03163607696802969,0.3799477222482735,2
-0.19151753225331564,0.3318696631628131,2
-0.09952972847084583,0.371985007878289,2
-0.11966190794905612,0.3680079674898988,2
-0.06299904852683373,0.38374083522086083,2
-0.04103626925457662,0.38862096531847473,2
0.08833660068579903,0.38262049784826424,2
0.15954859165449736,0.36089453664095916,2
-0.03451929335012039,0.3949874761452018,2
-0.06291712007906801,0.39339730698302666,2
-0.06481264951799297,0.3950188499115764,2
0.014043347613183347,0.40195916566258166,2
0.03914098972356071,0.40220819672404984,2
0.12895913321250943,0.3849874097067462,2
0.03713360695123462,0.4062221325289584,2
-0.1695637825346617,0.373095511083884,2
0.07329080466163666,0.4051476948893469,2
0.2238916675816937,0.3477930805236877,2
0.22866272436990517,0.34695737789221137,2
-0.0008509826662727931,0.4174340023320063,2
-0.09162005774301915,0.4092073940494757,2
0.35237896445973493,0.23081225389899654,2
0.08993827352136716,0.4134778009574036,2
0.10231094096933084,0.4125530984471463,2
0.16937173004409764,0.39192200303237357,2
-0.08227703906830583,0.4208912317056871,2
0.03533288601722866,0.42931000093485183,2
-0.06556848870450725,0.42766816767825794,2
0.04835045897138362,0.4318710097467558,2
0.1555922089448511,0.4077985985889525,2
-0.031166496109839157,0.43726745538123996,2
0.22054907069388716,0.38105784327078374,2
0.18990198470651168,0.3993297536626678,2
0.04223528321570595,0.44207520766037156,2
0.19150980687326172,0.4027813844196645,2
0.2565027263805911,0.3671743339031675,2
0.29425032339484625,0.340200568225667,2
0.1507798878591387,0.425795013057014,2
0.17057376080691797,0.4203142837283691,2
0.17613029993945348,0.4200814309712914,2
0.3481019841794764,0.29673782199540216,2
0.3228289084227089,0.32673399950778154,2
0.2976931407313355,0.3522853071469473,2
0.16941502979734344,0.4310272305064954,2
0.2556614672104552,0.38844584049675673,2
0.26385384477437146,0.3852380892852991,2
0.08230102767410274,0.461557479272123,2
-0.009467637147559592,0.47064626592782693,2
0.30461139537646725,0.3613937859390403,2
0.027708497844168758,0.47373947032755176,2
0.23968590613588986,0.4117742559414768,2
0.2744769023621258,0.39177490393111325,2
0.31473377022176985,0.36275724934672815,2
0.27689509137425017,0.3947297153780096,2
0.1634612743088189,0.45563403335979225,2
0.37132904317860516,0.3135019488585753,2
0.4358419766265926,0.21923622035340679,2
0.3701897698924779,0.3206922992480616,2
0.009287229980622787,0.4915956473379762,2
0.42347586714854046,0.25356752281063727,2
0.28141121280781917,0.40782231733146945,2
0.3525254327686074,0.35089513526380095,2
0.36718878068435795,0.3383363540913375,2
0.29124616009112325,0.4078964633569666,2
0.2988034356598069,0.4047621126271252,2
0.41761876294665373,0.28395367434810337,2
0.3941687331140398,0.3187360012666136,2
0.4236550306980434,0.2818009952547103,2
0.5042188823473946,0.08123860478657037,2
0.40311511167665526,0.3166746819515775,2
0.36084140870316933,0.3667882623682082,2
0.031606579057856556,0.5154647698610164,2
0.518112166072938,0.015254189697423223,2
0.293090246047399,0.42982352855953443,2
0.5192307570476677,0.05508247479415239,2
0.40206114775170554,0.3361149217030452,2
0.49623819447400574,0.17427868333228205,2
0.35904529251130685,0.38693427091327626,2
0.4289967299526632,0.3108165917408135,2
0.404290337137675,0.3452755656069015,2
0.36501101138583864,0.3891797121364708,2
0.3775362570053835,0.37973083131114616,2
0.48644015250346917,0.2283584888536279,2
0.3781187897174352,0.38450948366175075,2
0.12631052642440863,0.5262356913100421,2
0.38864922285109216,0.37933411680107,2
0.4665586343922068,0.281668455690006,2
0.47710398426210304,0.26732864247872984,2
0.48127913033790687,0.26372182159983093,2
0.2075039369564465,0.5101119006645926,2
0.4691386325111195,0.29202989927378914,2
0.5174573225336756,0.19929418064662244,2
0.536902718762356,0.14605034452152918,2
0.42462633159768354,0.362505091682821,2
0.4188410297236167,0.3720472203925436,2
0.5536398645106261,0.09729630606022947,2
0.25015780679464505,0.505518268494253,2
0.42076341944414125,0.3784666685980474,2
0.5101097722631798,0.24945013507874686,2
0.2745591702795313,0.49921972707281187,2
0.5045593213097848,0.26869301882177316,2
0.57354703814618,0.0002535461991139381,2
0.48889375706734267,0.3035236970767899,2
0.467028246549218,0.3394452495075949,2
0.5350825522146841,0.2218717915191737,2
0.4763992890154698,0.33285637295586173,2
0.5615222573347268,0.15703142714638404,2
0.5687609628830474,0.13675085982646765,2
0.5158546100050204,0.27984784586518013,2
0.3923473873262662,0.43900175063411945,2
0.3788524650996228,0.4531834970066042,2
0.4726382121262161,0.35744972310218437,2
0.5800328701682961,0.13030354728630056,2
0.30281252273364634,0.5137985312911972,2
0.31960057006095083,0.5057808705705814,2
0.48565946155749,0.3526689786784401,2
0.574459680998404,0.18034842028826792,2
0.466925089421121,0.3831535518562609,2
0.6001800920199674,0.083144423616342,2
0.5816914594709711,0.176280706787763,2
0.5526699995778654,0.25751439903820367,2
0.6064800434265906,0.07915145340358994,2
0.5945303897624183,0.15148947742880758,2
0.5429084357156079,0.2898371542616579,2
0.5936610574911605,0.16931817027705887,2
0.6128740820725576,0.0885530962977317,2
0.6059746215349668,0.13642762086660482,2
0.5418286109574755,0.3075844426074011,2
0.6240746131150438,0.03306439965941396,2
0.6261961632967998,-0.02870427794048021,2
0.6152347070222776,0.12970068612767086,2
0.6128831808879246,0.1486872908671312,2
0.6053306653203211,0.18361217183064799,2
0.5877799634635309,-0.23888396279364296,2
0.6271901336049271,0.1077163289031136,2
0.6114328013373023,0.18315809480873796,2
0.3531223082300532,0.5339808326931932,2
0.49343968700169555,0.41083981613308396,2
0.6257427223204073,0.1522056458666216,2
0.6392069982089742,0.09268554105256266,2
0.6436345129512274,0.07330580941061743,2
0.6485533844695535,-0.038572221754058285,2
0.6335605175339056,0.15227543869464039,2
0.6409733796244501,-0.12737560204637488,2
0.5943044588576,0.2763431839382027,2
0.5730553294127283,0.32197843292514355,2
0.5757633791954334,0.32103812653908037,2
0.65831696431347,-0.060839104655159626,2
0.6559728467576887,0.09645294233721576,2
0.6597212503164709,-0.0830637720512685,2
0.6557486772002346,0.12108184108753474,2
0.6444334879098998,0.17864850982487585,2
0.6580676249831878,0.1292545195712293,2
0.5435114895339809,0.39612139436069704,2
0.6170665663762337,0.2722318284079453,2
0.5974688160564369,0.3169921070888945,2
0.6535876438312187,-0.18125972882417968,2
0.6644213368049902,0.14547284617110534,2
0.6670925359051713,-0.1421232690094229,2
0.6195653378903698,-0.28974286770418545,2
0.6843954936409393,0.04497618033844476,2
0.6852045369083295,-0.059413393222258123,2
0.6003681131758598,0.3394344509954022,2
0.6740841250371554,0.15458935386244355,2
0.6927389752841601,-0.032200856474034596,2
0.6896368935453766,-0.08927090312111001,2
0.6861041273006845,0.12442214673593822,2
0.45443229186074896,-0.5313846913422607,2
0.6993726194897432,0.049216258847645196,2
0.699772230232529,-0.06735190225486226,2
0.6772552164335175,-0.19550761017788965,2
0.7040964857627731,-0.061916414699085494,2
0.7059666977478227,0.06238128052050366,2
0.6465372609172442,-0.29491036013763544,2
0.5846568274153716,-0.4072693717638063,2
0.708918192965594,-0.08856403569718437,2
0.6819047963153619,-0.21940450355868713,2
0.7128272450814431,-0.08798266726665464,2
0.6432287846635105,-0.3238190146778831,2
0.7108921628551966,0.1264120170770213,2
0.4631892926733476,-0.556377780805295,2
0.7258245713652571,-0.006275901609622537,2
0.7071500525390887,0.17195024575998927,2
0.7257721242988047,-0.07521665284371595,2
0.7066024935385279,-0.18946641870651693,2
0.5540919333372236,-0.4805786850120953,2
0.6417323118733204,-0.35909576344887517,2
0.7067084755233345,-0.21008781823664444,2
0.7295943139582353,0.11864560705468198,2
0.741071970295909,-0.003887046151831137,2
0.7241770685354546,-0.16611961928923116,2
0.37076354687358154,-0.6460612788283733,2
0.7207727271778345,0.19541580693832938,2
0.599609962021914,-0.448347724884137,2
0.7417204119505724,-0.1151216554233792,2
0.5126224302401242,-0.5508920349033645,2
0.7543650496994494,0.00812624869138816,2
0.7013762928036631,-0.28298424515561826,2
0.758065389985832,-0.015133524812902545,2
0.6140638034570678,-0.44800493889317217,2
0.5233146694669591,-0.553915522979448,2
0.4360611156365173,-0.6272451451878192,2
0.620261971213233,-0.44919174482657515,2
0.4466411584608643,-0.6244432951926806,2
0.5470028875428604,-0.5414170851734252,2
0.7175884034344467,-0.2834530244621632,2
0.6518793491811827,-0.416261230023607,2
0.7674369313009523,-0.11049555032307913,2
0.7193458119951913,-0.29439119306434297,2
0.5317165019582476,-0.5695307225462649,2
0.6333041242974848,-0.45714759988801246,2
0.6419904906771795,-0.4482006920335012,2
0.7735223857719573,-0.1329797979372301,2
0.7493297426426044,-0.2398281701517551,2
0.7598627924083938,-0.21123566589182913,2
0.6394929972589515,-0.4648303783955564,2
0.7729994830599018,-0.1746545927530581,2
0.6089124496885122,-0.5101756153716458,2
0.7798970112348956,-0.16075612916508414,2
0.36477302512150567,-0.7099705075561964,2
0.6144083037477008,-0.5125063579774165,2
0.7516728777681277,-0.2796396139704831,2
0.6408566239497381,-0.4853561203619173,2
0.7149141182603241,-0.37179318938249944,2
0.6146101466924614,-0.5240787963987958,2
0.630963628777922,-0.5073147055540567,2
0.7730090045640134,-0.24703589456127723,2
0.7537060003238226,-0.30592566320629255,2
0.6117487166160251,-0.53900611778668,2
0.34607316756160456,-0.7403415022231629,2
0.458579413304817,-0.6787432782778795,2
0.7307924986990687,-0.37423579174186117,2
0.4999680985798829,-0.6536603408543822,2
0.6491314395135213,-0.5089257321391701,2
0.5881581504369106,-0.5810261194082647,2
0.5911796350658943,-0.5806716664104854,2
0.07499670245903359,-0.8271682249725845,2
0.7786387317255391,-0.29448189231800226,2
0.6065850493822417,-0.5729099125879088,2
0.8192679866835069,-0.16778478973721342,2
0.5062036354595806,-0.6680549960011146,2
0.3931215112400584,-0.7424218161966194,2
0.3067047864079888,-0.784135942458618,2
0.8277088159632217,-0.1644527096199666,2
0.5211529703777381,-0.6661553749850494,2
0.2507329936740965,-0.8097656706946352,2
0.6618385736125538,-0.5327180308521331,2
0.6243663429987102,-0.578985352990842,2
0.5885421316587831,-0.6179978550188983,2
0.5046644511786749,-0.6905577821780973,2
0.43456493896022247,-0.7388977540014298,2
0.2754844336152884,-0.8137520943604681,2
0.5812119146396014,-0.6352571689377068,2
0.5181349482153429,-0.6900559404685491,2
-0.04571427374356014,-0.8636206023557387,2
0.4565476853825318,-0.7367435874678887,2
0.5033305513155275,-0.7079470819549244,2
0.7627730278180117,-0.4195462832265148,2
0.5314462940063358,-0.6918995030272809,2
0.571797005290528,-0.6614633998769314,2
0.5235161837343993,-0.7026729380761051,2
0.6300785527387452,-0.6116858072427583,2
0.6459739022122221,-0.5976817990355775,2
0.6478314726235813,-0.5984770280612587,2
0.5444789787992094,-0.6962505407195754,2
0.1581160340223268,-0.8715449192820237,2
0.23314432616795025,-0.8565110924083534,2
0.5587128453020318,-0.6922362569281081,2
0.7809052650051597,-0.43003354012669043,2
0.6443568645400938,-0.6188248203400911,2
0.5630514542924457,-0.6960734763924961,2
0.43195068017075083,-0.7863691125380984,2
0.5947139387751217,-0.6743092004291064,2
-0.07868926255634034,-0.8975592521860605,2
0.49995243945875956,-0.7518553470863053,2
0.6856460849586343,-0.5903980803215529,2
0.45734044359389725,-0.7829233404939021,2
0.6380392124407721,-0.6469089906331029,2
0.3717870511295926,-0.8311576003926099,2
0.34516633874560515,-0.8446178455052465,2
0.3065965598600703,-0.861391573599802,2
0.7321435051739069,-0.5508609784901376,2
0.3265052581819886,-0.858119182481376,2
0.29572402231855566,-0.8712181424449008,2
0.6848446001702587,-0.6172263813418348,2
0.10593667345480538,-0.9177537717144986,2
0.14461986502814295,-0.9143855532307648,2
-0.28050747389331193,-0.8842284390437726,2
0.29792966184884384,-0.8805214766757268,2
0.3192531436814933,-0.8750432060679629,2
0.29844039184139315,-0.8843680182256083,2
0.2978321698258359,-0.8865816282965483,2
0.7283351306673741,-0.589765798679548,2
0.6914006653418577,-0.6354784840011154,2
0.31382629136380397,-0.8871077247360464,2
0.4367954914542407,-0.8356095241341193,2
0.2624626267124546,-0.9076016298273972,2
0.7542607825307278,-0.5721180302148351,2
0.6316684067538424,-0.7076946100623648,2
0.5367817009722501,-0.7844217999979101,2
-0.033868528744002806,-0.9518024186492565,2
0.5232849195163638,-0.7980462580168626,2
0.4426318987729944,-0.8475961323800124,2
0.19788263368260575,-0.9374588941386321,2
0.3014410621209914,-0.9114668197048542,2
0.1620100671767905,-0.948182591539455,2
-0.4517155189634507,-0.8514204831158045,2
0.4896237068744972,-0.8324096852820623,2
0.2641914034807045,-0.9308710539714986,2
0.31463755375592845,-0.9170655559111778,2
-0.2756054709974223,-0.9315271894434602,2
0.3677917731222498,-0.9011842193195335,2
0.16677205645563736,-0.9608853318113548,2
-0.09593472674647,-0.9724335818210442,2
0.4222935104194514,-0.8833023185853637,2
-0.3616590536015142,-0.9118602003525698,2
-0.09145215592373966,-0.9786018338737427,2
0.40369854929915067,-0.8982196426208712,2
-0.045039320194329345,-0.9856448410617086,2
0.1431188676456462,-0.9781624505902644,2
-0.02188436423622146,-0.9902391683505388,2
0.08864640569618928,-0.9884175967526456,2
-0.26340633556557125,-0.9587632017570643,2
0.4323634319356505,-0.8974748632678509,2
0.18946155665694828,-0.9799491455183278,2
0.09937089221720867,-0.9950504639363553,2
0.01589518087235311,-0.04740615176361798,3
0.016688670152520534,-0.04914767068233474,3
0.0006098616940640454,-0.053804158998198674,3
0.0020148648244176204,-0.05567497602362079,3
0.039353029546578884,-0.04208151430938799,3
-0.0195392573154756,-0.05622039947447991,3
-0.006538505435316869,-0.061073839894833455,3
-0.04390244666478691,-0.04563814408870642,3
-0.016525540204851728,-0.06310245282882437,3
0.00496984462512097,-0.06695006091416303,3
-0.05444762369192323,-0.04244658093550212,3
-0.05680462261031041,-0.04249689074022554,3
0.01994680733851927,-0.07006154173320135,3
-0.01765025251061508,-0.07263577759453622,3
-0.0033495787423119205,-0.0765800870787593,3
-0.013493279975725357,-0.07738960906607241,3
-0.015526395538158256,-0.07894866044163529,3
0.019836451684557044,-0.07994037680300839,3
-0.01924726750540924,-0.08204102043607407,3
-0.05411446306665168,-0.06706189585951992,3
-0.010051480092843233,-0.08750072201260911,3
-0.011141410195583875,-0.08928752525425764,3
-0.052033654940318044,-0.07573061131399061,3
-0.04175226107596086,-0.08398129522469922,3
0.027663255967985613,-0.09160559483366222,3
-0.026901573765801094,-0.09381431934614379,3
-0.06532158417116314,-0.07505425533289946,3
-0.06169914709600775,-0.08047200900594297,3
-0.03686894766743701,-0.09650355969712064,3
-0.04715378950209105,-0.09405186223183785,3
0.010831419206029263,-0.10656518331942748,3
-0.03812305678275459,-0.10213503184787394,3
0.0010770159554942744,-0.11091661482229796,3
-0.01670852527347834,-0.11158159693714101,3
-0.0625039387865469,-0.09620866062754921,3
0.004219637467213265,-0.11655691108560888,3
-0.04554572049640828,-0.10943776903839834,3
-0.052628116815009715,-0.10833414660429828,3
-0.04190706894982429,-0.11494355393504821,3
-0.09648844843845064,-0.07827942464789513,3
-0.0057091342349340985,-0.12602305243289635,3
-0.06619305826574423,-0.1096213798283366,3
-0.043846089270504145,-0.12234010470985737,3
-0.03921804882094787,-0.1258967325429079,3
-0.06749444098329194,-0.11549135844336636,3
-0.012592440645954299,-0.13508569008088686,3
-0.001988345325543352,-0.13756078097735341,3
-0.0371446950319687,-0.13444199988198768,3
-0.11523712800872828,-0.08191148098716845,3
-0.06277263287005488,-0.12880465289176923,3
-0.07534308558032793,-0.1241115068030012,3
-0.057095343152416295,-0.13556113766313588,3
-0.08488521605341647,-0.12245367656870118,3
-0.02833858226073748,-0.14821699999447338,3
-0.11288500121731644,-0.1029880154252496,3
-0.09591097662785884,-0.12139229316304051,3
-0.04037436904187518,-0.15131957250950595,3
-0.0799251667129213,-0.13689272374991454,3
-0.1077443346643559,-0.11885287036557042,3
-0.10435532559707093,-0.12433526366016151,3
-0.13684086097788706,-0.09080509251758699,3
-0.05943653215174404,-0.15513615943205386,3
-0.1310013523573681,-0.1052367199328316,3
-0.1309330493957906,-0.10833327886018794,3
-0.08676634011850444,-0.14833022319470376,3
-0.05046020538496449,-0.1662587131184417,3
-0.04687233785800284,-0.1692819070386213,3
-0.12019716206288995,-0.1306845797996851,3
-0.10049389859474792,-0.148682478913888,3
-0.16619070310316583,-0.07261603393916925,3
-0.13083783959402728,-0.12832802450146008,3
-0.09398912934525466,-0.1595434067361385,3
-0.0633938347653356,-0.1760055643286344,3
-0.08861705805416613,-0.1669122069904886,3
-0.13357429464294576,-0.13635892144571146,3
-0.10016672882998094,-0.1647206813856655,3
-0.14566372832035174,-0.12917442646592978,3
-0.11103262726099705,-0.1622363603256358,3
-0.12453911825987662,-0.15456734663348212,3
-0.0961049275485258,-0.17585313242618197,3
-0.19494535954382639,-0.054069045704105916,3
-0.15178052541641202,-0.13661533446151175,3
-0.15024126479514843,-0.14110213116755857,3
-0.05134846183415114,-0.20157878128159012,3
-0.17248568426839578,-0.11964542537627978,3
-0.09569326635115125,-0.18897633801148267,3
-0.10578594872946961,-0.18571149138821488,3
-0.1891687528358677,-0.10349890979459382,3
-0.13479097318519095,-0.17074220418140887,3
-0.06253597438084699,-0.2103394232635341,3
-0.2161560998084038,-0.04763533229390167,3
-0.026528988145764765,-0.22166463276422219,3
-0.19109413196942346,-0.11906170915816879,3
-0.2078314575059469,-0.09143113982070548,3
-0.14241327195119896,-0.17927684511428926,3
-0.19467372795435933,-0.1240938153060907,3
-0.1972579209168372,-0.12356822037319919,3
-0.21880899434230008,-0.08480756163325458,3
-0.20443934004306066,-0.1190437305763336,3
-0.17665752719713146,-0.16019792642149014,3
-0.22333168664939332,-0.08891494952333237,3
-0.22277158757298426,-0.0952608640142032,3
-0.14874433394755357,-0.1936571363518818,3
-0.12337145288423687,-0.21293390481698588,3
-0.20906438657645407,-0.1333945062793939,3
-0.19292734595493036,-0.1588362333427299,3
-0.15793203047284282,-0.1961186639688416,3
-0.21460656702162811,-0.1353198940686116,3
-0.14358071576601478,-0.21147499875845796,3
-0.22340567967850058,-0.12807768343568607,3
-0.19034691965857214,-0.17625601696771384,3
-0.2523413882255911,-0.06792163668558349,3
-0.25865300156474036,0.04885478779941515,3
-0.18356601853146615,-0.19130491861021517,3
-0.26146829102580305,-0.05423583993498574,3
-0.2595595719936133,-0.07040177270653869,3
-0.23449500360208628,-0.13552605186672936,3
-0.22043980692987966,-0.16061255981930542,3
-0.27463095037690394,-0.003174636201107695,3
-0.13123186134122244,-0.24343339771826483,3
-0.2202734510170138,-0.17034629328364467,3
-0.1771265051740222,-0.2173208119182617,3
-0.28215481863919684,-0.007869096713224626,3
-0.2501579513214203,-0.13480594556015102,3
-0.2384955206243539,-0.1579783478201455,3
-0.2474434568675485,0.14731559499367936,3
-0.2642335057202999,-0.11920960294194237,3
-0.2513823806643495,-0.14813692565029918,3
-0.2805699625861447,-0.08679153289153274,3
-0.19484711122038717,-0.22228079165966813,3
-0.29006030468592203,-0.06609303071191783,3
-0.27685338483993605,-0.11398176741968877,3
-0.2945741499551636,-0.06331927103796658,3
-0.24363805057627266,-0.18048442894054006,3
-0.24466470139231097,-0.18229489984663513,3
-0.2645742735683474,-0.1557500150530346,3
-0.26416259280468224,-0.1601510342101302,3
-0.3097120681487713,0.02623983190450296,3
-0.3077860387024617,0.055362099143575885,3
-0.2973018264594075,-0.10297181312805462,3
-0.2934077413792055,-0.11876480646153467,3
-0.29731943628156626,-0.11403155427902283,3
-0.31136138962050197,-0.07531425621703466,3
-0.3145050310850397,-0.07020039956340811,3
-0.32039859300724294,-0.04916156815280998,3
-0.29304498474870677,-0.14294968195965496,3
-0.29172482568554625,-0.14983893412200167,3
-0.3262479359929335,0.04867975727800931,3
-0.3097688900925724,-0.11878666850365727,3
-0.33195836251755934,-0.03372737434193633,3
-0.32889273722510565,-0.0666150053272391,3
-0.30229263071337875,-0.15002835474088572,3
-0.3393482539207998,0.0045501223445011015,3
-0.3394892153115168,-0.034940834979449005,3
-0.3303040958139211,0.09314553519495765,3
-0.34335178550265577,-0.034594565664761635,3
-0.33819347163667984,-0.07765309674304864,3
-0.3487040399682571,-0.011626017297536225,3
-0.31385620655402735,-0.15670368987265493,3
-0.33147308093735794,-0.12052677477125108,3
-0.3538713461984708,0.022864123427160446,3
-0.3508118104489666,-0.06350284556101908,3
-0.3569819392346499,-0.03203937759049871,3
-0.35870034825615726,-0.034132458088898754,3
-0.3513160088275461,-0.08822478858458811,3
-0.2905204453740662,-0.21951596299784282,3
-0.36506776767561216,0.02655177911811722,3
-0.3601668499509687,0.07521067684867655,3
-0.3406701836320558,-0.1439625451715141,3
-0.3361881212082589,0.15865297748863955,3
-0.3709074665243481,0.045165828125938626,3
-0.34328737748558463,0.15229053426269154,3
-0.36450675081622175,-0.0980154965112805,3
-0.3780237030094362,0.031798057438511614,3
-0.38122880843256063,0.0050703677054255245,3
-0.36789537302201597,0.1070954387319577,3
-0.3827166707858307,-0.04250838550569813,3
-0.3860656008040656,0.026498834424378885,3
-0.3497196605867473,-0.17006489270387484,3
-0.38679901294762137,-0.05564848301744663,3
-0.3889884357607551,0.05375683434482351,3
-0.39251165615497574,-0.04043784686038836,3
-0.3942850184555869,0.041785310175054734,3
-0.3983666337891101,-0.004902063246696751,3
-0.38003350815428866,0.12575811704598214,3
-0.35345675931135956,0.19192890811301744,3
-0.4024573594347507,-0.03649005926769292,3
-0.40491172833462985,0.029870653302108353,3
-0.33502470316871114,0.23270963449823137,3
-0.3644325757402251,-0.18745942088289871,3
-0.40974577559298897,0.040306278739191403,3
-0.2813267880906693,0.3032206193108503,3
-0.26765329017041606,0.31784867445225734,3
-0.40239608520314596,0.11103720587081707,3
-0.4191812475442409,-0.011489474872720172,3
-0.40356423254978707,0.1207523968712479,3
-0.4225137381205623,0.023128467912152,3
-0.3262483679411377,0.2724510783537381,3
-0.4267935218185481,0.011701672220625679,3
-0.39654866706217046,0.16330368867785505,3
-0.383240742306912,0.19667745974827924,3
-0.4315948404364626,0.030416805632676378,3
-0.36761538587944553,0.23175259223389985,3
-0.43462425601924054,0.040129647085084735,3
-0.3815289343489268,0.21589314549082275,3
-0.34665807442669305,0.271431670843503,3
-0.44167138459264976,0.021293285039440647,3
-0.34348186210631787,0.28148626748075645,3
-0.43556277950613864,0.0958849042995942,3
-0.40108552772842815,0.19935154768578903,3
-0.4063932858728432,0.19278012510762588,3
-0.43609588056776494,0.11771300131617961,3
-0.40200109534421774,0.21013001766515138,3
-0.4551186589581423,0.01890231392692145,3
-0.4249178771973587,0.16933140296576366,3
-0.35795716674262623,0.28781986958050765,3
-0.4507658972479528,-0.0976537226548675,3
-0.4631253849145734,0.0008964413324212487,3
-0.46226263607095475,0.05065779415022425,3
-0.46691246017411403,-0.004471171274129844,3
-0.38630004404616713,0.2656709276495623,3
-0.46243730282336715,0.08803002182445549,3
-0.467054887573611,-0.07247967095781345,3
-0.4514114120012951,0.14637138967027202,3
-0.43938673824016145,0.18424620949971085,3
-0.3398347440929509,0.3366563410776924,3
-0.4704996235962282,0.0963341697811409,3
-0.3031469545840063,0.37494581442656655,3
-0.3789929932714202,0.30114161387218547,3
-0.3809017015126736,0.30179897950591766,3
-0.46387039560863097,0.15115225761633524,3
-0.19276567289254928,0.4502503879891018,3
-0.4216414913946298,0.25292486207739473,3
-0.4929316011798814,0.0254309897520673,3
-0.42312192163990686,0.2578355146897532,3
-0.49704473901403523,0.018657548578651262,3
-0.42975518338375535,0.25418412915656097,3
-0.4374162286598376,0.24468529480119985,3
-0.3317928473261533,0.3781922360965147,3
-0.29030448690121285,0.41322926472589727,3
-0.45708324249421894,0.21917239356070592,3
-0.30978875681629425,0.403641316161416,3
-0.22660336661412364,0.4576978331415492,3
-0.45980242609153293,0.2266415151986842,3
-0.44982871417831977,0.2497884696030959,3
-0.3180685735554765,0.4068602798553768,3
-0.3698118764568934,0.3631970305048598,3
-0.32521271118120004,0.4060626189612473,3
-0.2076974429402074,0.47905785693362957,3
-0.33958297268930493,0.3991363323256325,3
-0.2503762571484209,0.46253338795724014,3
-0.3047106616179503,0.4310255964302695,3
-0.32594888965868873,0.4176152168464671,3
-0.32914575419095476,0.4175272031929515,3
-0.20117146171826888,0.4941901757033158,3
-0.46848759156592884,0.25932316932862864,3
-0.475628928352612,0.25009746882616934,3
-0.2901695281647732,0.45455803489525626,3
-0.37759669071640306,0.38768426722552224,3
-0.35181001115717947,0.4137297507330007,3
-0.25893046160266897,0.47955092984055675,3
-0.2535455643444284,0.4845693569444512,3
-0.3849565630495929,0.39113583964115306,3
-0.38846170627062054,0.3903454083416202,3
-0.337814419719679,0.4373258926861286,3
-0.19090714471147607,0.5206099434139156,3
-0.28279782657358155,0.4791874600138502,3
-0.12273392714117234,0.5446593854057614,3
-0.3365408927336435,0.4478695902824836,3
-0.16343353227400037,0.5378411952209997,3
-0.19783911795667855,0.5281925136613146,3
-0.2360442135610465,0.514355911433297,3
-0.26223309935449074,0.5036577719564506,3
-0.357801757329036,0.44337453279985656,3
-0.33136292379408,0.4658053883531051,3
-0.27867600611565907,0.5012942777125586,3
-0.3018127305476798,0.48995185076284636,3
-0.15643727405256283,0.5557569970545705,3
-0.3178006102432536,0.4842966050732995,3
-0.3085222040072321,0.4925075605778013,3
-0.3640795353573088,0.45542530290698985,3
-0.31131164391968186,0.49525235074954943,3
-0.29713381783848436,0.5060951390751937,3
-0.5476815161067773,0.21611100461695734,3
-0.46301595422395087,0.3667706346005361,3
-0.2860475573908372,0.51897396757297,3
-0.3118299303151723,0.5061415211881943,3
-0.43744107369192914,0.40537595109793906,3
-0.5193352460809189,0.297068536867322,3
-0.3140431137633122,0.5114855265012378,3
-0.14245432453701976,0.5850096095056587,3
0.06419495390032515,0.6005869556731359,3
-0.25126830228166763,0.5513559451970013,3
0.025098247150471674,0.6072972250859011,3
-0.22180541842034313,0.567943791677294,3
-0.21153525486841523,0.5738778891004379,3
-0.17011001412413265,0.5894726704584307,3
-0.362651956693677,0.4972310367102116,3
-0.22615434838455198,0.5744182314953563,3
-0.048007063743335895,0.6173747752953134,3
-0.33290353710142284,0.5243977237413697,3
-0.25847313929358223,0.5669021690291309,3
-0.38622722475836063,0.4913154873551044,3
-0.128316912404846,0.6135799381422146,3
-0.10984576539659927,0.6190879747913147,3
-0.06240941702531898,0.6275657483859896,3
-0.3828949945962048,0.5035176929708451,3
-0.15242719083978973,0.6158869901385112,3
-0.33185640198473687,0.5429931856528909,3
-0.16166012500982074,0.6174649481767825,3
0.09962560889958966,0.6323809234194393,3
-0.24302558491033294,0.5943152734934448,3
-0.0081708697998373,0.6439361381824629,3
-0.2769647894263435,0.5834952454798197,3
-0.22359603900100908,0.607983502488652,3
-0.04402898648775578,0.6482057984520176,3
-0.24999122640234533,0.601740081205604,3
-0.4167312889978006,0.503394924640781,3
0.13558203398941623,0.6412338553027442,3
-0.035250787855670235,0.6563687254834863,3
-0.21201439865876337,0.6241945548269626,3
-0.4463466042391673,0.4877061933606217,3
0.280703011206872,0.600674092389781,3
0.5179619333869329,0.4169498218114299,3
-0.034941468876489204,0.665917587726708,3
0.09973229046424364,0.6612588605388389,3
0.1798753414815305,0.646068565562128,3
-0.19679139872823392,0.6431096669404797,3
-0.12230579285541181,0.6632666196724337,3
-0.373881431694487,0.5636183612610738,3
-0.1868713136029491,0.652005375449135,3
0.09355612957022597,0.6736952667153684,3
-0.08607236090327951,0.6766114274403386,3
-0.06430806516654858,0.6809380368691327,3
-0.03718803097190197,0.6848628321542162,3
-0.3712384220567503,0.5789794838185159,3
0.17039405623771267,0.6682989476572228,3
-0.2853243335289199,0.6299819843860559,3
-0.03145584828821552,0.6927732043344909,3
-0.07284990657781093,0.6915643355426737,3
-0.02059783957765488,0.696990296275455,3
0.325008526012663,0.6190701544233891,3
-0.08375376332148239,0.6960816102702273,3
-0.11937863182268385,0.6927959260894222,3
-0.2628962919770748,0.6540515220443912,3
-0.1116180370696611,0.6979447811062074,3
-0.1803531983060263,0.685385385275416,3
0.1580937687877174,0.6928123198539257,3
-0.10472831391275099,0.7047864409062403,3
0.1503383521345544,0.6984317952484995,3
0.0617387525751794,0.7136671590105502,3
-0.20567534787858296,0.6881578905634801,3
-0.06337816383981089,0.7173459639775956,3
0.2970642619501849,0.6581037072851151,3
0.30758536369069134,0.6553562388993684,3
0.5099544766895052,0.5165337617648103,3
0.13434127375769625,0.7152485623810202,3
-0.1823536139905952,0.706505400360663,3
-0.01825194812690493,0.7313354046413392,3
0.24289905167162476,0.6920793262151113,3
0.5246720490151999,0.5152566044325864,3
0.19440262296441996,0.7111830853813259,3
0.40839853812206534,0.616113039217092,3
0.34424705867507244,0.6562748942932437,3
-0.06555092340869915,0.7400886642461634,3
0.16268156772810277,0.726908172476523,3
0.4652117075190483,0.5841906615411983,3
0.3933570018858431,0.637038505925728,3
0.3189637976297673,0.6794587999674027,3
0.32888132674013976,0.6768314879103262,3
0.12850825337070065,0.7433830055506103,3
-0.05123678024809809,0.754575098623797,3
0.5034041697601309,0.5669888896052088,3
-0.060146189858378316,0.7577369040995399,3
0.05679876522705872,0.7599043032813998,3
0.4021460013405269,0.6495108639104333,3
-0.0027156435297882387,0.7658268484676465,3
0.1667708746031549,0.7494032484093293,3
0.030093053664797607,0.7690507312388715,3
0.42897945891361783,0.6412919441646884,3
0.4020805018864424,0.6607203398658128,3
0.4044538550220694,0.6615026752202968,3
0.4157372957731154,0.6567245028869606,3
0.44521565030982946,0.639429986079775,3
0.46786766199836,0.6254261689374397,3
-0.10205541180111634,0.7762862509289596,3
0.32337198054266936,0.715158073540164,3
0.3857720601917698,0.6857058640427166,3
0.5114146506061716,0.6003890613400729,3
0.111346701525469,0.7827007642017424,3
0.27701702661444083,0.7424917471233644,3
0.15338196395428522,0.7794405064140744,3
0.5945380990775666,0.5297228803275329,3
0.6345403662288296,0.4842272246395079,3
0.5632366394743578,0.5682647434383337,3
0.14937740839497024,0.7879700620803951,3
0.5173225044158926,0.6153415331812868,3
0.6401482961211117,0.48943082364353124,3
0.4776276582494353,0.6513647498347604,3
0.3315441619172226,0.7386215404458559,3
0.22062353164015908,0.7809576887548781,3
0.3249797536134829,0.7456885449526927,3
0.6041043409546436,0.5475600720766424,3
0.39174759145240595,0.7172210271676442,3
0.5321533851594177,0.6227361325455313,3
0.7067124521475877,0.41793254713533556,3
0.6079313937685688,0.5546704979301278,3
0.7261167437395678,0.3913202027232093,3
0.13664525473859238,0.8153829994042184,3
0.4690783561370015,0.6831093916001905,3
0.5444508343136235,0.6272201103274865,3
0.6407362242115051,0.531464909876025,3
0.29660214877368424,0.7798707299407864,3
0.6876781983354812,0.47586811745028085,3
0.615820023560067,0.5685994168278963,3
0.6151309183888772,0.5721438883763514,3
0.6618510837877775,0.520471080032291,3
0.5604812478062731,0.6308782359394802,3
0.7329712047279203,0.42203864182644746,3
0.7014446003078367,0.4759862899824805,3
0.5756784716106447,0.62483045319551,3
0.7630960125760287,0.3778119172790589,3
0.6664473298633231,0.5330582951830601,3
0.7281102704469433,0.44878914077758675,3
0.5180667591706425,0.6829519822683632,3
0.8302363231174084,0.22088864166559308,3
0.6439382021921918,0.5715789990572339,3
0.772854737013679,0.38384447503327046,3
0.6410121708320704,0.5805460674936543,3
0.6159442028290858,0.6097865542174934,3
0.7815051083205011,0.37918396643983654,3
0.3531935320246694,0.7956733655664108,3
0.7550702003288391,0.43706873404286645,3
0.7496034655817524,0.45008920118548934,3
0.09863714290927404,0.8706831608426975,3
0.7579193778084798,0.44352759344372655,3
0.25141672497755685,0.8433833325595481,3
0.804158902168513,0.36219998633601086,3
0.6479858768895497,0.6011126992155567,3
0.6102386178947252,0.6420280802045923,3
0.7351607139890112,0.49750000286434753,3
0.8765222619766596,0.15185454609806634,3
0.6433237743532867,0.6171518450904233,3
0.8238377638732216,0.3455882896818943,3
0.805046474198726,0.3917210730841183,3
0.5579581116945169,0.7025955570939939,3
0.44058525827667466,0.7837488098530268,3
0.3887167010980841,0.8128369685944923,3
0.8474989052115639,0.31142336188576825,3
0.7858705310952928,0.44842831692755525,3
0.9052675297001332,-0.05118533097882219,3
0.863297469735,0.28337741180822384,3
0.8875820132988437,0.2030929288439434,3
0.9101827591791685,0.06392535679967803,3
0.7487826522387557,0.5247108092016662,3
0.8756975701664383,0.2695101025862339,3
0.9030485436271236,0.1657635147308444,3
0.919818397402374,0.0201956654145766,3
0.9045522795597302,0.17822936276044335,3
0.8859090802938406,0.2620298947291695,3
0.7285072049190551,0.5712207083946764,3
0.9132899461807157,0.16262179905848792,3
0.9038829800926156,0.2169693817004172,3
0.9154020423616699,0.17222741673815864,3
0.9066738142431473,0.22162141978725108,3
0.8547618391432548,0.3796224220993341,3
0.8733975091002707,0.33981252324455113,3
0.9308641603021794,0.1239342516354447,3
0.9049414884272459,0.25793014356721705,3
0.7944444079833697,0.5078303464764135,3
0.8711767452921813,0.36562060574900723,3
0.7261209256633363,0.6074345807365501,3
0.792641090720417,0.5211110615826611,3
0.9006093236693237,0.30389965602235647,3
0.655247014228853,0.6911774531406759,3
0.6852532865849593,0.6641783421284345,3
0.9533813872877607,-0.07352640213016645,3
0.8758709488011645,0.3883771310967464,3
0.6753849805020405,0.682270917940792,3
0.9297411160365673,0.24673659217105084,3
0.9482219341517781,-0.17273943595783392,3
0.9657003295681731,0.007754479790905813,3
0.9655998838482698,0.06272863068265691,3
0.9560095356630969,-0.16140567460105665,3
0.8909692406475702,0.38713704619428424,3
0.9721362839272059,-0.04852660094390095,3
0.9207999058097681,0.32131148931431314,3
0.9661872136274992,0.14598907860506052,3
0.8479055186043181,-0.4895007931362369,3
0.968514291258398,-0.15577664673247577,3
0.977089769945392,-0.10639843773389246,3
0.8888566995604367,0.42391604445070474,3
0.9305294590847896,0.3280841642787668,3
0.820592732882776,-0.5512824654937798,3
0.9074995433107813,0.3968590616633489,3
0.992330080675889,0.010418339546817009,3
0.9740025333353677,-0.1998220200974497,3
0.9653160788962271,-0.24609781652268808,3
0.9591849888221052,-0.2759713145805425,3
0.9962951993959714,0.08599927709313326,3
0.048004633592781426,0.013984103604550456,4
0.05153101260555342,0.006209668655020929,4
0.05157681214476735,0.015332707059508751,4
0.05481919239761817,-0.009930698885997232,4
0.05438175674152378,-0.019029958349162733,4
0.04745080668927077,-0.035929609489221054,4
0.06091105879930076,-0.007912577884327206,4
0.061605642595508145,0.014663213133911047,4
0.06137516826113029,-0.022093024985142304,4
0.06374667452762503,-0.021056388547826207,4
0.06903086545047685,0.0009977845306341506,4
0.06531646361067565,0.027685925194613586,4
0.06949998210484774,-0.021823089617626662,4
0.06812982153102856,-0.030754105719425502,4
0.0766518501941041,-0.000472521493613955,4
0.07581511906620923,-0.02057396210940773,4
0.08042284156977605,-0.002475176312642729,4
0.07798308368189441,-0.02650636373219422,4
0.08387089585613922,-0.008176745618261441,4
0.08610885832921142,-0.0033071901222793154,4
0.08657816472954849,-0.016174980582612273,4
0.08972290048070648,-0.006796640089426155,4
0.09188134761887734,0.0006668554399802769,4
0.09345147302809871,-0.007932933975007064,4
0.09403309302162037,-0.01773747874887147,4
0.09430113629541699,-0.02514193466800583,4
0.078146779337418,-0.06158840378996128,4
0.09957304660363643,0.019176479757698303,4
0.10187497803932422,-0.017138996055987153,4
0.09583183293194729,-0.043422257548260484,4
0.07659923518431631,-0.07487332707378325,4
0.10113484802576851,-0.04070226902559682,4
0.10719062528206916,-0.028527622730354404,4
0.11097466965779072,-0.020353139467936706,4
0.1053408698150207,-0.045454921517853276,4
0.09696657468546706,-0.06481359622749679,4
0.114946640341516,-0.028953545928554765,4
0.1127007745642068,-0.04247989421601398,4
0.11335070024297787,-0.04604173947204035,4
0.10599295634262682,-0.0648319536263951,4
0.09864539440367896,-0.07863517101882377,4
0.11625118131081866,-0.053703172363276826,4
0.12271098382214496,-0.04279714025653076,4
0.0931630201677972,-0.09332038518736058,4
0.12177777535714206,-0.05535274941506207,4
0.08851333006731962,-0.10282073539148137,4
0.12788719508433385,-0.05071279240679362,4
0.11592237808829066,-0.07756533993764049,4
0.14121383513282731,0.006909352812669866,4
0.1324922388854986,-0.054560504754958244,4
0.13213983687666686,-0.06016070292046051,4
0.14368585698452918,-0.031481339819602154,4
0.14750159256787052,-0.021063784075260415,4
0.11077463145989051,-0.10247114402033258,4
0.11225322650542424,-0.10367626517282971,4
0.15406577340855176,-0.01409757926440011,4
0.12768201267624885,-0.09069182068373856,4
0.1563394843170455,-0.026184264993292558,4
0.15741756700928108,-0.030895890394651373,4
0.12660939614647682,-0.10158421421331697,4
0.1557797188793483,-0.051996781113528144,4
0.11145177622634513,-0.12320077472786292,4
0.14251578470260176,-0.08902456207295946,4
0.1280901611220814,-0.11168022813550756,4
0.15770053596184272,-0.06827000694227435,4
0.16918432442030984,-0.03955826570688422,4
0.11474758108812866,-0.13299012272093944,4
0.13968639883600353,-0.10960623680074891,4
0.154693642849543,-0.09096911592781505,4
0.14617083208517961,-0.10736165996530331,4
0.09592730045345052,-0.15615561203425635,4
0.16891649819423935,-0.07586350707584955,4
0.1711064793124751,-0.07562611783097996,4
0.16895291644739122,-0.0846615606077044,4
0.18764809957967044,-0.034986259750597604,4
0.11753829904825716,-0.1528104207752185,4
0.144246836710449,-0.13075474867099934,4
0.14381353050366358,-0.13403935754941854,4
0.15378285257676053,-0.12550653718279736,4
0.1704396215321987,-0.10540785879225782,4
0.1804311389655084,-0.09149731691494478,4
0.11352543614559103,-0.16974408046723205,4
0.1964552476236547,-0.06235049918325691,4
0.13306820164560376,-0.15988596969874921,4
0.18256419757402428,-0.10361782112725725,4
0.14009780725299825,-0.15887687671931455,4
0.18213569844313832,-0.11183028362147333,4
0.1748350020397875,-0.12621237435328828,4
0.05345975650867699,-0.21086384511093823,4
0.11826877324065672,-0.1848402508836975,4
0.21826115519640826,-0.03680560418551022,4
0.14601424058321816,-0.1688752148109417,4
0.17309721421085725,-0.14397920785048232,4
0.1994980394840495,-0.10841632856715,4
0.14031586467472035,-0.1809231476140203,4
0.14411775758544096,-0.1803530074642897,4
0.16734942272139505,-0.16178369252013178,4
0.024017333150059522,-0.23343707122825638,4
0.23131292703491976,-0.04961031478745899,4
0.09811876210115628,-0.2173567713895454,4
0.16434230478758335,-0.17542667233777365,4
0.10749808272788612,-0.21713123831533054,4
0.17232901196943695,-0.17300484090091336,4
0.17925330453830202,-0.16861084193928758,4
0.22549441741302995,-0.10321957060398237,4
0.15748861309027032,-0.19402898388287934,4
-0.03365508684887848,-0.2495443682702393,4
0.075759838206064,-0.24213198726013016,4
0.022479319026931056,-0.2546208500022266,4
0.07777701399665311,-0.2454887508637189,4
0.058791094646080046,-0.2526692314690208,4
0.075128696519428,-0.25029023932418654,4
0.10502969660879274,-0.24136472057788477,4
0.1745023351337871,-0.19960708924487394,4
0.17081929185521055,-0.2052509758210465,4
0.22703418090651173,-0.14416331611696562,4
0.1338991791853903,-0.23542775380656508,4
0.06381254668156854,-0.2651755300494471,4
0.05105080245790991,-0.2698630259749088,4
0.12242365938016853,-0.24797997536032865,4
0.16673756488980163,-0.22301757175846357,4
-0.13903097559359168,-0.24345948729402497,4
0.06650797256128253,-0.27431725055159734,4
0.006613035210809388,-0.28409137849114163,4
0.14740658236444487,-0.24517049417394954,4
0.12318008955809324,-0.26030139148948905,4
0.08194895910835612,-0.27805510799097416,4
-0.026569664810535697,-0.29057133885064085,4
0.13971605822406494,-0.2583247900639471,4
0.04032507195513931,-0.2928276552233268,4
0.25223767427439214,-0.15773212970039452,4
0.1503919597831726,-0.25888587917076966,4
0.2058815201361592,-0.2199910443018328,4
0.0064423609400140825,-0.3031379632512527,4
0.11745817703743221,-0.2815951406976453,4
0.13451621887248258,-0.275976448784112,4
-0.025835050185719428,-0.3078356369522022,4
-0.0053767445297155676,-0.31077513503114734,4
0.17074488809803237,-0.26199883745949476,4
0.0533490634850601,-0.31007329414228124,4
0.1935360282234869,-0.25047352701347547,4
0.1305990820057563,-0.29042369452462347,4
-0.06818266595027597,-0.3130004412135041,4
-0.055778168217672126,-0.31738038160375476,4
-0.026245074967176037,-0.3230840668065072,4
0.13101410110433045,-0.2985720683027141,4
0.2346301976205773,-0.22913696878637618,4
0.1796945718372789,-0.27661759770577166,4
-0.02379740168515929,-0.33090893242162134,4
0.09596489855757485,-0.3195694423285411,4
0.2507568402342784,-0.22299999688316383,4
0.08014493270114159,-0.3278202732782121,4
-0.0829016973791271,-0.3290976293200928,4
-0.00892675914370789,-0.34116579874465836,4
0.1348558331423945,-0.3155800860410519,4
0.19820495370752936,-0.28249252894048615,4
0.13082753220871676,-0.32138603657849263,4
0.04136806775555353,-0.3464366532839133,4
-0.05125571729507329,-0.3470369090698524,4
0.2251487747189698,-0.2714942652532659,4
-0.07253785710972159,-0.3471108714608922,4
0.03200491077705963,-0.3550735465097066,4
-0.03179350165463108,-0.3570039214191558,4
0.19403674935295984,-0.303612754071392,4
0.09426509615628645,-0.34974368189569593,4
0.06816993529361601,-0.35769015518082165,4
-0.09718458066459638,-0.35289464327336934,4
-0.09935749613867607,-0.35426669851496434,4
-0.03873558823153473,-0.3678055772177957,4
-0.16672615074419772,-0.33225834942943544,4
0.06003936469682421,-0.36879204904744617,4
-0.11328367845784622,-0.3580578704092477,4
-0.0004887297165140208,-0.37745459341517645,4
0.06743377888881094,-0.37331718679777426,4
-0.11555503759776144,-0.3633292532859943,4
-0.16827130989288255,-0.344240039442149,4
-0.11865185368109538,-0.3663342060929213,4
0.03618717442093116,-0.3852782432963012,4
0.028109390084199062,-0.38786050446054,4
-0.18436394223569072,-0.34455792964712356,4
-0.07542479429549127,-0.3853737157615432,4
-0.13371553775628914,-0.3712422048188656,4
-0.0018455071563365072,-0.396488690921045,4
-0.18889848888318805,-0.3507668257378249,4
0.046936578512872563,-0.39753934260713325,4
-0.1273318913604569,-0.3815166784229915,4
0.04083078639332644,-0.4020401689769996,4
0.2243394122805331,-0.33840447953485603,4
0.09700586753269487,-0.3962135628493965,4
-0.08666731599811132,-0.4005507621714009,4
-0.17778413632395107,-0.37136100709908715,4
0.13573625243572351,-0.3907213526893219,4
0.07233660843388492,-0.4091863617844427,4
-0.28123575428860675,-0.30847742378354714,4
-0.03732261270728742,-0.41767445326030994,4
-0.1564117938149732,-0.3911273218521461,4
-0.033835987474596416,-0.42179131200179254,4
-0.0668674624876857,-0.41975746585478224,4
-0.11927890517461097,-0.40995387811238554,4
-0.1142550786628377,-0.4133578559605789,4
-0.09317920525818676,-0.42056286741038096,4
-0.06221037963922218,-0.42816954237943583,4
0.25239960667018496,-0.35375807339926796,4
-0.3321004860852841,-0.283227646315415,4
-0.3295193876959175,-0.28912134329353295,4
0.003269522902912187,-0.4402684212183583,4
-0.12300100251058038,-0.4247325856785083,4
-0.30410818787766053,-0.3236240387270962,4
-0.2701361615792477,-0.3548736450779152,4
-0.30318441456835765,-0.32968143848380876,4
-0.021792607772862273,-0.4492713675335838,4
-0.41277544277317824,-0.1834459091134055,4
-0.022123772731833854,-0.4530673721004613,4
-0.26630545864752586,-0.36955607679779884,4
-0.19898060418154265,-0.4118677525029262,4
-0.13397010339258614,-0.43934681283096677,4
-0.14187694860581293,-0.4388588327975287,4
-0.06394062098347139,-0.45869109730578195,4
-0.373371814258665,-0.2772119137638703,4
-0.21628941268519558,-0.41381895413175485,4
-0.24182856654116786,-0.4016562090057785,4
-0.24060633883756108,-0.4046061461423312,4
-0.17112180765454618,-0.44058018300145074,4
-0.07196245956766115,-0.469061031222998,4
-0.2602997352248328,-0.3990631770762888,4
0.055753013023680006,-0.47509656578354925,4
-0.045615419366824755,-0.47808932385863084,4
-0.09918824516773347,-0.47185181132438647,4
-0.10371355003645534,-0.47282709323093036,4
-0.2667741703241648,-0.40620225540230165,4
-0.42023042249945625,-0.24784902846400533,4
-0.055320328074697216,-0.48664533063799337,4
-0.31949158862603,-0.37373474272480006,4
-0.37292851070638144,-0.3233459827860117,4
-0.14604180128022212,-0.47347978360897897,4
-0.27657555444516085,-0.4134096508112105,4
-0.37902934383175785,-0.3250166852251612,4
-0.2609666195386508,-0.42790217815934806,4
-0.270438751284744,-0.42423901610298215,4
-0.3388243945423743,-0.3744771688686449,4
-0.30050775849176636,-0.40823610295319557,4
-0.24183017365117992,-0.44767572312349646,4
-0.30081083626451427,-0.41273385251172207,4
-0.48576839107505054,-0.163748947122025,4
-0.4192232415204955,-0.2983153120693364,4
-0.2130643638867193,-0.47043222854005107,4
-0.17070460482711974,-0.4894209280639044,4
-0.29823986677945086,-0.4262665127533116,4
-0.47146022101870777,-0.22441015594382943,4
-0.3849849640139874,-0.35554603725257833,4
-0.26873738595398716,-0.4521124003049161,4
-0.4500207068489877,-0.2758858740292008,4
-0.3515293490447979,-0.3963234345475857,4
-0.22587857573910688,-0.48129488043208307,4
-0.42540361254113407,-0.32206467240057823,4
-0.5083362807806421,-0.16829544035413851,4
-0.4319239535695712,-0.31970817901946413,4
-0.4122829062112416,-0.34762647685298187,4
-0.3167425888641599,-0.43880802669709545,4
-0.45758751401123765,-0.29250001301371087,4
-0.2706827726383843,-0.47301682301321013,4
-0.18979174207401786,-0.5129053611815761,4
-0.41112751538929926,-0.3635284948619111,4
-0.41691817759814925,-0.3597933688109136,4
-0.5525222288181304,0.009576285611246568,4
-0.27702673310075654,-0.4803503307283666,4
-0.4521799911010315,-0.3242352358969301,4
-0.5092416866045377,-0.2288894222244491,4
-0.5282748844091367,-0.18647409708662152,4
-0.4480724226141856,-0.33943301966804124,4
-0.3685696383581275,-0.4269473852388531,4
-0.4518990319076656,-0.340684809380966,4
-0.5674897143362413,-0.019818520927893296,4
-0.5098583465596984,-0.2542588057996182,4
-0.20108366740878783,-0.5351087793949753,4
-0.5660798105612428,-0.09224921315045599,4
-0.5261371899314023,-0.2330738032419609,4
-0.48299478078402447,-0.31631392986004064,4
-0.4890235679189204,-0.3104776635707582,4
-0.4810146491754671,-0.3261511227489169,4
-0.5212832550529287,-0.2612085040639768,4
-0.45366759191795375,-0.36929059913067713,4
-0.5310889327838959,-0.24973053672563908,4
-0.4133046815705028,-0.4193307162532623,4
-0.5334687461633941,-0.2536051441474558,4
-0.5847937632850566,-0.0957780691525752,4
-0.5619846024326396,-0.19388257152124985,4
-0.5882507829913259,-0.09821084966233812,4
-0.4196629604167811,-0.42642914191298326,4
-0.5429613035755598,-0.25579981223983306,4
-0.5815377659860959,-0.15602341018309618,4
-0.4385221233166398,-0.4153601218134162,4
-0.6053955157206831,0.025008150289024794,4
-0.4531383253730172,-0.40509937013675973,4
-0.5705773955360207,-0.21494006106060454,4
-0.5735601716928475,-0.2123952096877214,4
-0.5754243401159835,-0.21284331073536517,4
-0.5556289180892983,-0.264634939009535,4
-0.6000832172664006,-0.14492144880141067,4
-0.4846501028261297,-0.3854485298594577,4
-0.45872857910569664,-0.41879091249863204,4
-0.5343728066654513,-0.32036250792297943,4
-0.5867456995132518,-0.21515543535368523,4
-0.6260007603087332,0.03268973221983814,4
-0.6206459045615713,0.10067111729649837,4
-0.6167839559407629,-0.1315722446976203,4
-0.6221039842758025,-0.11456560028945041,4
-0.5937371189511099,-0.22366731256225125,4
-0.6144341176134632,-0.16565321100508423,4
-0.4923890919473871,-0.40614029642030747,4
-0.6307407306727794,-0.10953093135642172,4
-0.588825971447947,-0.25603916609960065,4
-0.6377160438110312,-0.08965913582361176,4
-0.6101019045629721,-0.2120185419442554,4
-0.5915664763093234,-0.26398528758678985,4
-0.624833531795081,-0.17802349941072954,4
-0.6200490605134873,-0.20031450562507266,4
-0.6475270229857473,0.08820528264838472,4
-0.6506340107638564,-0.07898562631558959,4
-0.656666747780337,-0.029177117692757024,4
-0.5664357908583038,-0.33722313436209417,4
-0.6328060525358808,0.19141348445733902,4
-0.6598393790999708,-0.06492718658510818,4
-0.614146919115045,-0.25486325762653766,4
-0.666440478731543,-0.022896030203425583,4
-0.6618645606463164,0.09563008816699073,4
-0.5808852897940081,-0.33515967833487087,4
-0.617278001427723,0.2669920734387174,4
-0.6681487496123031,-0.09197045247906381,4
-0.6542440435098481,0.17151592826446668,4
-0.6774469154321365,-0.03312965791768589,4
-0.6713803471374423,-0.10893342578134396,4
-0.5620903332260581,-0.38634949507943717,4
-0.6371019241615979,-0.2488237840927648,4
-0.6851690630904423,-0.03103874188214914,4
-0.6704538540871997,0.15338460885486813,4
-0.5774445954400631,-0.3771145144885754,4
-0.6348096243123535,0.27441577366311076,4
-0.6319350482460908,0.2856261154614899,4
-0.6581461277667201,-0.2245261980006962,4
-0.6877857309313895,0.1147629401182607,4
-0.6725397802669737,-0.19122929178651818,4
-0.7010937088511676,0.0034514397311432763,4
-0.6649593445279175,0.22813707078631143,4
-0.6687201421941106,0.2229601427335584,4
-0.6948807268196979,-0.12933011701535094,4
-0.7082624933146857,-0.02538982181915144,4
-0.6959904664828023,-0.14345668627127045,4
-0.6982001304723651,0.14215669111464793,4
-0.668805748993507,-0.2512119878704229,4
-0.5610479654785541,-0.4453736272525625,4
-0.6053821591248677,0.3864920083042702,4
-0.49197213143745494,0.5258948997428473,4
-0.722010954831677,0.006917107305133404,4
-0.6712687950154943,0.2711065485367463,4
-0.7162684725058864,0.11755922181035891,4
-0.5937216483612727,0.4208594635862781,4
-0.6854198930805562,0.2502044992474168,4
-0.708038825450357,0.18402616484407136,4
-0.6921766385687587,-0.24262160682220976,4
-0.6318996241922041,0.3761289571077428,4
-0.7323039504954355,0.08546744898923493,4
-0.7258501054972069,-0.13973642110507795,4
-0.7291435528667839,0.132485673183369,4
-0.7264045390241175,0.15609164036092052,4
-0.6243438063500941,0.40627034738448214,4
-0.7443035769926961,-0.060933136474411335,4
-0.7441178716097999,0.08268241720949021,4
-0.5574183193554754,0.5026798009652499,4
-0.5734132641311525,0.4872997215510365,4
-0.598202052542898,0.4596596223939088,4
-0.5192335616766647,0.5499138982985156,4
-0.7023552195533763,0.28563841589282557,4
-0.7504233343452782,0.12102726659290573,4
-0.6648859828515741,0.3722999861461245,4
-0.5983458149591623,0.4749400535359261,4
-0.3563478915466009,0.6778748533055055,4
-0.7496720321510634,-0.16555844150284543,4
-0.6884261686904132,0.3441133960777378,4
-0.6422126272128708,0.4275999009222154,4
-0.7171139436671423,0.2897717883228234,4
-0.7740680052485285,-0.04458063947933718,4
-0.6226487540317082,0.4652237105862401,4
-0.7644020906755412,0.15092092681151728,4
-0.6490890607231301,0.43444382051669156,4
-0.5887629769420266,0.5161335170685949,4
-0.5226435522514699,0.5855460914733632,4
-0.7867731309215039,-0.0008092386206268809,4
-0.5493229094045815,0.5659119286909691,4
-0.7643997704730767,0.20177107107635878,4
-0.7878778259760877,0.08532853517906981,4
-0.4948557937157518,0.6214268044842093,4
-0.5211569111511883,0.6020609231270674,4
-0.7187097993211664,0.34723724716053483,4
-0.5798727189120783,0.5512784782148825,4
-0.7699711107652081,0.22439901394785824,4
-0.7032518670666029,0.3894927309981085,4
-0.6942794745970696,0.40903347456212547,4
-0.7142958865159391,0.37707506382489425,4
-0.5643074020565713,0.5805518644325983,4
-0.4038088603822428,0.7039233329102906,4
-0.7283440685123288,0.36218526225573044,4
-0.6739254524889415,0.4588993046196491,4
-0.3648126957222332,0.7312891864782695,4
-0.7076930889804945,0.41250213081102866,4
-0.8123853960694479,-0.11891203567584036,4
-0.5736566800024631,0.5900491117627432,4
-0.7632970667534462,0.312657343563,4
-0.7724184966031858,0.2947728404471291,4
-0.37603077853720085,0.7384265695932675,4
-0.12693612474880825,0.8208038730523753,4
-0.7729423529133886,0.30912453561479436,4
-0.4429840417469649,0.7070617574392389,4
-0.6486949252405557,0.5277752018035307,4
-0.6057002486254862,0.5793675923363072,4
-0.3835039720710901,0.7474352006495618,4
-0.5844502611933355,0.6060980897941164,4
-0.743200864252911,0.3997487374568099,4
-0.6897488344802307,0.48949969099905943,4
-0.476699648326989,0.7009599994559118,4
-0.8471229387182708,0.06481916856759995,4
-0.3747020566345999,0.7646278428106801,4
-0.8085010696693412,0.27318347294255296,4
-0.588502583625098,0.6206617177471074,4
-0.6226847995379418,0.5891351436353568,4
-0.3015426381041075,0.804460180273455,4
-0.5417234645517334,0.6692493170410024,4
-0.5540159301569075,0.6615945697105037,4
-0.4213238958233763,0.7552592365839711,4
-0.7085157675083414,0.49923171964055696,4
-0.5973045679651424,0.6306805592564748,4
-0.28765488653647386,0.8216425268859496,4
-0.39944938822930703,0.7756289524932005,4
-0.7600989180123641,0.4321287764919143,4
-0.3971500977646521,0.7810827436205863,4
-0.7684728917918664,0.42497991009531616,4
-0.6449129018902389,0.5988264892380771,4
-0.23545808204473237,0.8499528584800987,4
-0.8515203783734006,0.23692872139390708,4
-0.80791689501685,0.36312741191982595,4
-0.18925797228058278,0.8672652121301192,4
-0.6625889914242529,0.5935713161488863,4
-0.18872999841348065,0.8712765727629316,4
-0.5245175856328207,0.7232020668601573,4
-0.3807395001172118,0.810297882120192,4
-0.2772741026710335,0.853274189954146,4
-0.6089799869267285,0.6614536584519595,4
-0.5313393847336514,0.7276558729628488,4
-0.549616498603535,0.7163522940047192,4
0.28833694561724954,0.8576375999561778,4
-0.4132509630554565,0.8070643592493296,4
-0.3199293700417332,0.850429583774389,4
-0.5099533033664517,0.7543183654556499,4
-0.48107502625899473,0.7752973142342735,4
-0.05462347717166221,0.9126955512811759,4
-0.49106815213771604,0.7735205231585621,4
-0.39813781078694105,0.8273212789387047,4
-0.29992361342723967,0.8697813375844281,4
-0.49381440010972555,0.7785421442998252,4
0.14847143278468952,0.9118392390798499,4
-0.6926985940137618,0.6141534850257285,4
0.18058223558145595,0.9099090237579783,4
-0.4485316409126208,0.8141864168584493,4
0.017232772636094514,0.9313035025079034,4
-0.7746219031817914,0.520705642617548,4
-0.07751246028569565,0.9320530046711843,4
-0.09118146744834517,0.9327280953473808,4
-0.6278671698104686,0.6983198412888694,4
-0.5093967515287674,0.7911776070955646,4
-0.25518788660350256,0.9076963813463392,4
0.01931810260754184,0.944592059990869,4
-0.4892303183080049,0.8104826119103463,4
-0.3440020871791838,0.8840244347407065,4
0.16732265164256166,0.9356576751450956,4
-0.5558822992352783,0.7733497208784382,4
0.00833116917002128,0.954272250748299,4
-0.12543552809624287,0.9479494341620541,4
-0.5318754433427736,0.7969286214471905,4
-0.41559656638011944,0.8654004687822671,4
-0.0028371152021516985,0.9619196637674245,4
-0.1476777457290307,0.9524468660024881,4
0.19983738381837482,0.9448292324613655,4
-0.36807286517328913,0.8948968559103552,4
-0.6353564788019648,0.7323442967051501,4
0.11967769842802937,0.9640428044517073,4
-0.3465315954378997,0.9095711290988899,4
-0.13212765299232326,0.966258672933599,4
0.33793601191896266,0.9168586557902653,4
-0.2215702916530445,0.953656856955083,4
0.3096226689918258,0.9308168986891836,4
-0.43939244942288386,0.8791810515896658,4
0.14983610272478895,0.9733037487939984,4
-0.040883949924166135,0.9858259459527967,4
-0.31762839095261386,0.9361607742699845,4
-0.45795689557098834,0.8782528210786307,4
-0.06370514989415704,0.990337914395936,4
-0.0012557919343708754,0.9942877841179368,4
0.014783398843739179,0.9960826866236799,4
0.10171083743625159,0.9929002542053211,4
-0.18660135107691775,0.9824357158492707,4
